applicationId	createdOn	lastUpdatedOn	carRego	carColor
1	9/12/18	9/15/2018	WAUAFAFL7DN358583	Greenlam
94	7/31/2019	2/19/2019	WBANF33507B197843	Lotstring
37	10/28/2018	10/25/2018	1GKS1HE0XDR799210	Quo Lux
53	2/4/19	10/10/18	1GYUCJEF0AR944898	Opela
64	1/26/2019	3/5/19	3N1CN7AP3DL618704	Viva
17	7/7/19	10/31/2018	YV1672MK0C2031426	Zamit
71	5/2/19	10/2/18	WBAPH7C50BE533993	Lotstring
35	3/15/2019	9/27/2018	WBAEV334X3P388998	Gembucket
70	10/10/18	2/2/19	WA1UFAFL5FA566837	Andalax
27	2/6/19	9/14/2018	3D73Y3CLXAG147474	Cardify
50	2/9/19	1/9/19	5TDDCRFH6FS570326	Y-Solowarm
65	8/17/2019	12/18/2018	JN1CV6EK9AM351031	Quo Lux
5	2/2/19	9/21/2018	1FTFW1E82AK900382	Stronghold
54	12/12/18	3/6/19	5YMGY0C59DL002338	Ventosanzap
88	11/21/2018	6/1/19	JN1AZ4EHXEM970554	Holdlamis
71	10/3/18	6/17/2019	2LMDJ8JK6FB476824	Pannier
69	10/2/18	7/29/2019	3N1CN7AP1DL750943	Tres-Zap
65	7/18/2019	6/12/19	4T1BD1FK7EU946927	Flowdesk
21	1/18/2019	9/1/18	JN1AZ4EH9FM484237	Zamit
21	12/8/18	10/1/18	WAUDF98E26A909247	Fixflex
58	12/24/2018	2/20/2019	WAUCD64B04N388482	Bytecard
19	9/3/18	8/27/2018	1GD322CGXEF564203	Hatity
69	12/24/2018	7/19/2019	1G6AF5S37E0439150	Tampflex
84	5/25/2019	10/20/2018	1D7RB1CTXBS946231	Voyatouch
98	1/15/2019	5/5/19	WAUDF78E38A840480	Bamity
28	12/30/2018	4/13/2019	2T2BK1BA8FC602928	Hatity
10	6/28/2019	2/10/19	WBANB53557C949361	Hatity
43	9/22/2018	12/5/18	KNAGM4A7XB5491623	Pannier
66	1/12/19	12/8/18	TRUSC28NX11120630	Vagram
30	4/9/19	10/27/2018	WAURD68D11A729137	Zoolab
95	10/8/18	4/3/19	5FPYK1F67EB825340	Bitwolf
27	3/9/19	8/20/2018	JM3TB2CA4D0347688	Redhold
37	5/16/2019	3/23/2019	1G6AB5R31E0875154	Fix San
16	7/2/19	9/28/2018	JM1NC2EF6A0610640	Aerified
53	7/21/2019	12/28/2018	1HGCR2E32FA087471	Stronghold
28	8/15/2019	9/2/18	5GAER23708J717361	Stronghold
76	8/30/2018	6/25/2019	WAUEG78E56A291346	Cookley
51	2/23/2019	5/16/2019	YV140MAB3F1079671	Hatity
89	3/4/19	10/9/18	1N6AD0CU4FN742384	Flexidy
34	3/9/19	1/4/19	SALFR2BG4EH600480	Biodex
8	11/13/2018	4/26/2019	5GADV23L75D941600	Namfix
52	10/5/18	2/12/19	2LMHJ5AR6AB170261	Andalax
34	7/13/2019	8/17/2019	1GD01ZEG7BF295407	Rank
92	11/13/2018	12/7/18	2HNYD2H44DH868234	Temp
49	7/23/2019	6/5/19	JTEBU5JR4A5016662	Stringtough
20	12/31/2018	4/11/19	4T3BA3BB4FU361130	Tres-Zap
20	6/13/2019	2/7/19	WBAYF4C52FD342483	Zamit
3	7/7/19	10/19/2018	WBAUP9C58CV930886	It
7	9/27/2018	8/11/19	WBABD33474P906170	Opela
24	9/3/18	8/12/19	WBAEU33485P360767	Gembucket
9	6/13/2019	10/20/2018	3C4PDCABXCT083089	Gembucket
33	5/6/19	2/21/2019	WAUWGAFC1DN703299	Transcof
68	1/28/2019	3/13/2019	KMHHT6KDXDU137079	Tin
51	9/2/18	2/22/2019	SCFFDABE8CG756721	Tampflex
30	6/15/2019	10/25/2018	JH4CW2H69DC623667	Zaam-Dox
28	2/15/2019	12/19/2018	1GD21ZCG0CZ762646	Bytecard
61	7/20/2019	1/12/19	WBAGL63413D802736	Y-find
20	4/19/2019	7/15/2019	WDDGF4HB7EG758450	Prodder
75	7/14/2019	3/24/2019	WDDEJ7HB6AA484372	Hatity
16	1/3/19	8/27/2018	5N1AR1NB9CC239636	Redhold
61	5/12/19	12/7/18	JTDZN3EU7EJ666862	Zamit
64	11/7/18	4/3/19	1N6AA0EJ8FN365232	Konklux
2	5/22/2019	3/30/2019	1G6DP5E36D0687944	Regrant
49	6/5/19	5/25/2019	5FNRL5H21DB056490	Matsoft
39	8/25/2018	10/11/18	WAULFAFH3BN895520	Cardify
42	1/14/2019	6/24/2019	YV126MFB2F2955347	Greenlam
79	11/17/2018	6/17/2019	5NPEB4AC8BH533042	Sonair
85	4/11/19	1/5/19	JN8AE2KP7B9548690	Transcof
91	2/17/2019	5/30/2019	3GYFK52269G192818	Tempsoft
39	11/29/2018	10/4/18	WP0CB2A89FK105009	Lotlux
16	12/8/18	1/18/2019	KNAFU6A27C5289836	Job
16	2/23/2019	4/10/19	WBAVB73597P346210	Zoolab
91	12/11/18	9/9/18	WAUKF98E98A589323	Voyatouch
63	11/21/2018	12/23/2018	2G4WD582971746037	Fixflex
50	12/3/18	7/23/2019	WAUEF98E18A850067	Cardguard
100	10/27/2018	3/29/2019	1FTEX1EW0AF448271	Bigtax
90	12/2/18	2/1/19	5N1BA0NE8FN229463	Greenlam
95	5/16/2019	2/1/19	3C6JD7BP8CG701808	Pannier
16	2/10/19	6/4/19	2C3CDZAG8FH152506	Sonair
80	7/31/2019	3/10/19	5FNYF3H23EB458147	Aerified
97	7/9/19	2/28/2019	WBABD33476J287558	Voltsillam
69	8/30/2018	11/21/2018	1G6KD54Y21U081428	Cookley
17	6/2/19	10/19/2018	WBAVB73527F496178	Ventosanzap
60	12/4/18	9/24/2018	WBAPL335X9A661943	Tres-Zap
59	8/26/2018	4/13/2019	WBA6B4C52FD427424	Home Ing
72	5/1/19	11/5/18	SALAG2V66FA953364	Duobam
21	6/10/19	5/4/19	1GYS3JEF9BR291156	Andalax
73	11/15/2018	7/27/2019	3C3CFFER7FT270736	Zamit
100	5/10/19	9/23/2018	SCFAD02A55G675891	Lotlux
80	12/28/2018	11/19/2018	1N6AD0CU4EN707276	Tres-Zap
81	5/22/2019	3/11/19	WAUEF78E36A351675	Stronghold
93	11/21/2018	3/19/2019	JTDBT4K32A1333391	Bitwolf
50	4/13/2019	9/16/2018	1FTMF1CW3AK353776	Sonair
2	4/12/19	10/20/2018	2C3CDZBT1FH333801	Prodder
71	1/12/19	5/2/19	WDDUG7JB0FA468616	Rank
68	2/5/19	2/17/2019	WBAYA6C58ED444931	Opela
4	10/4/18	6/30/2019	WBAEH73415C313695	Latlux
32	2/21/2019	3/15/2019	WBAYM9C55DD744899	Flexidy
36	6/17/2019	7/4/19	1G6AG5RX8F0920001	Quo Lux
51	5/2/19	6/25/2019	1FTEW1CM9CF662067	Subin
54	8/23/2018	6/8/19	SCFBB04B67G882695	Greenlam
66	4/5/19	11/2/18	1GYFK16299R566342	Toughjoyfax
81	5/6/19	3/15/2019	19UUA9F72CA951016	Namfix
40	12/14/2018	12/21/2018	1G6DJ5E34C0611820	Span
54	4/3/19	5/6/19	WVWAA7AHXAV883690	Tampflex
5	11/29/2018	12/1/18	1G4GC5GC7BF533638	Solarbreeze
97	1/1/19	12/8/18	WDDEJ7EB7EA977455	Solarbreeze
3	4/8/19	2/19/2019	5UXXW5C54F0866213	It
43	3/23/2019	6/11/19	19XFA1E81AE941851	Pannier
26	3/11/19	12/26/2018	1D7RE3GK0BS953080	Vagram
19	12/4/18	9/30/2018	1GYFC33259R755972	Zoolab
74	5/2/19	3/21/2019	WAUKH98E38A124109	Regrant
8	2/10/19	7/12/19	KNADH5A30A6248065	Home Ing
45	8/24/2018	4/23/2019	3N1AB7AP1FY437865	Konklab
69	5/12/19	4/12/19	WBA3B3C51DJ507809	Gembucket
56	7/27/2019	11/13/2018	JM3KE2BE9F0052791	Kanlam
74	6/1/19	12/27/2018	WBAVD53538A097051	Overhold
26	6/17/2019	9/20/2018	WAUKFBFL1EN244235	Asoka
40	2/6/19	3/2/19	TRUTC28N051048248	Zaam-Dox
54	6/5/19	10/13/2018	WVGAV3AX1DW505630	Zoolab
99	9/30/2018	7/6/19	JM1NC2EF2A0358398	Opela
55	4/25/2019	1/23/2019	JH4DB75601S809536	Wrapsafe
87	11/8/18	10/3/18	JTDKDTB31E1426318	Wrapsafe
92	8/5/19	12/26/2018	WAULC58E95A654897	Alpha
97	1/5/19	7/9/19	5N1BA0ND2FN248310	Namfix
79	1/4/19	10/7/18	WBAFR7C54CC528530	Sonsing
24	8/8/19	6/8/19	2HNYD28477H788978	Matsoft
34	2/10/19	7/26/2019	JH4DC53046S417652	Stronghold
11	10/12/18	6/11/19	1N6AD0CU3FN968271	Asoka
74	2/17/2019	6/25/2019	3VW467AT7DM722244	Aerified
95	10/15/2018	5/25/2019	JH4KA96562C668589	Tempsoft
86	5/10/19	12/5/18	SCFEBBBC0AG613149	Latlux
13	4/13/2019	8/25/2018	1FAHP2D85EG680413	Flexidy
10	8/3/19	9/13/2018	5FNYF3H30FB681837	Namfix
97	12/10/18	9/6/18	WA1CFBFPXCA352880	Overhold
2	1/28/2019	3/13/2019	JN1CV6EK3EM533748	Bigtax
71	4/28/2019	11/12/18	WVGAV7AX4BW772510	Flowdesk
77	3/29/2019	9/24/2018	19UUB3F54FA130366	Bigtax
92	5/23/2019	7/6/19	WA1MKAFP0AA667114	Solarbreeze
47	7/4/19	7/13/2019	1GTC5LF95C8715352	Zaam-Dox
92	10/9/18	9/11/18	2G4GN5EK3C9833501	Rank
71	10/6/18	1/5/19	2C3CCARG4EH869685	Fixflex
72	12/10/18	9/18/2018	1ZVBP8JZ6D5787154	Job
37	7/3/19	8/28/2018	WBAUN1C5XAV838635	Fintone
81	4/8/19	7/31/2019	KNDPB3A21D7704828	Tresom
47	5/23/2019	1/14/2019	3C3CFFFH7DT784704	Kanlam
71	8/29/2018	2/23/2019	3C63DPML7CG943685	Viva
58	11/28/2018	1/5/19	WA1DVAFE9AD650588	Trippledex
28	3/21/2019	12/22/2018	KMHHT6KDXBU138715	Cookley
75	9/8/18	9/15/2018	1FTEW1E86AK214597	Prodder
91	1/23/2019	8/25/2018	1G4GD5GR6CF060544	Lotstring
47	4/17/2019	7/21/2019	JHMZF1C6XDS886557	Latlux
22	4/5/19	9/2/18	WAU2GAFC8DN187442	Subin
32	12/17/2018	11/17/2018	3N1AB7AP3FL500705	Flowdesk
14	8/21/2018	11/10/18	SCFEBBCF1CG217713	Home Ing
49	8/22/2018	5/11/19	3C4PDDDG1ET819255	Solarbreeze
16	3/3/19	11/10/18	JN1AJ0HP0BM204833	Flexidy
93	4/5/19	1/31/2019	1FTSW3B50AE515292	Zaam-Dox
26	9/2/18	6/2/19	WAUXD68D72A264324	Treeflex
20	7/24/2019	1/10/19	5TDBW5G19DS714845	Veribet
68	3/17/2019	6/26/2019	JM1NC2JFXC0167532	Kanlam
86	5/15/2019	2/8/19	JH4CU4F63DC669449	Lotstring
78	8/31/2018	8/13/2019	5FRYD4H44GB247442	Sub-Ex
33	5/21/2019	9/6/18	WA1WMAFE7CD566008	Holdlamis
74	9/24/2018	5/23/2019	5UXZW0C53D0317532	Viva
95	10/7/18	6/20/2019	5FRYD3H60GB007252	It
79	5/19/2019	11/14/2018	WAUVT58E53A698241	Ronstring
79	3/18/2019	8/24/2018	JHMGE8G38CS957837	Biodex
14	1/15/2019	3/4/19	2B3CK4CV2AH942894	Span
58	10/14/2018	10/27/2018	JH4KA96624C935755	Konklab
68	7/21/2019	12/27/2018	WP0CB2A81CS030544	Pannier
69	6/10/19	3/22/2019	1G6DP1ED2B0384366	Overhold
79	9/29/2018	4/22/2019	5TDBKRFH1FS246131	Solarbreeze
57	4/6/19	9/6/18	WAUNF98P86A372258	Bitchip
56	9/28/2018	3/6/19	WBA3D3C58EK355033	Konklab
60	3/1/19	1/14/2019	2B3CK5CT1AH482504	Fix San
48	7/26/2019	12/3/18	1G4HP57M69U821299	Fintone
70	3/3/19	7/20/2019	WBAVD13596K810972	Ronstring
47	4/4/19	12/1/18	WBXPA73455W149997	Keylex
2	5/21/2019	9/6/18	KNAFU5A26B5740165	Kanlam
41	8/25/2018	11/22/2018	JN1AZ4EH0AM070451	Stringtough
59	7/1/19	5/28/2019	JTDKTUD32ED959038	Aerified
71	4/9/19	9/7/18	WAUWFAFL8BA012794	Keylex
90	4/20/2019	7/8/19	WAUHFAFLXDA304782	Toughjoyfax
40	3/23/2019	1/29/2019	1G6DH8E50D0782905	Toughjoyfax
39	4/19/2019	9/19/2018	2V4RW3D15AR664589	Zathin
52	3/23/2019	3/30/2019	WAUBC48H05K183684	Alpha
77	1/17/2019	3/11/19	2G4WS52J731775486	Stim
83	11/12/18	1/29/2019	JN8AZ2KR5AT790322	Trippledex
9	4/5/19	9/11/18	WA1AY94L77D690090	Tampflex
95	9/6/18	2/1/19	WBAKB0C58BC705587	Namfix
57	10/9/18	1/8/19	1G6DA8EG1A0156815	Voyatouch
98	3/17/2019	6/7/19	1HGCP2E33BA785006	It
47	6/22/2019	7/12/19	W06VR54RX1R415701	Keylex
36	6/9/19	1/7/19	1D7RV1GP1AS957623	Tres-Zap
25	7/25/2019	11/1/18	1FBNE3BL6ED413798	Namfix
89	5/14/2019	10/27/2018	ML32A3HJXFH771261	Bitchip
3	1/6/19	10/11/18	JTHBK1EG1A2808327	Kanlam
84	11/18/2018	7/8/19	SCBBR9ZA3CC880115	Prodder
92	2/17/2019	9/10/18	JN8AF5MRXDT793485	Keylex
42	5/28/2019	9/28/2018	ZHWGU5AU6CL046184	Ronstring
76	2/1/19	9/21/2018	JA4AP3AU9BZ767504	Bitwolf
65	9/7/18	1/27/2019	WAUGL98E36A005140	Trippledex
89	3/13/2019	6/14/2019	KMHGN4JE9FU384276	Domainer
10	5/4/19	3/6/19	JN8AZ1MU8AW438958	Kanlam
34	5/25/2019	5/1/19	1FTWX3B54AE396662	Alphazap
99	11/24/2018	3/7/19	1G6AA5RX0D0948440	Job
96	3/27/2019	10/8/18	ZFBCFABH2EZ675052	Ronstring
82	2/1/19	8/3/19	1G6AL5S30E0617716	Mat Lam Tam
26	1/16/2019	10/5/18	5N1AN0NW4FN773189	Viva
54	8/12/19	6/14/2019	1FMCU9C74AK418090	Toughjoyfax
97	3/25/2019	2/7/19	5XYKT3A12BG260535	Kanlam
5	3/28/2019	2/18/2019	2G4WF521031827903	Asoka
90	1/25/2019	1/11/19	JTDKTUD35ED336268	Span
1	5/10/19	10/2/18	1G4GF5G34FF422543	Sonsing
7	8/6/19	5/7/19	WAUFFAFM1CA494101	Domainer
68	8/29/2018	6/14/2019	5NPDH4AE0DH345033	Bitchip
72	3/9/19	8/21/2018	3D7TP2CT1BG288612	Rank
87	3/4/19	12/7/18	WAUDH74F47N287399	Konklux
68	12/24/2018	9/11/18	KMHEC4A43EA566317	Sonsing
31	3/23/2019	2/6/19	WBASP2C52CC763046	Voltsillam
34	9/28/2018	12/29/2018	1GKUCKE08AR454155	Home Ing
25	12/12/18	5/29/2019	WBABS334X3J074170	Toughjoyfax
24	8/30/2018	3/6/19	JTDJTUD35ED149320	Matsoft
78	2/3/19	4/10/19	1G6DM57N240391617	Holdlamis
41	3/11/19	12/30/2018	WBSBL93435P566681	Wrapsafe
51	5/4/19	7/18/2019	1FMJU1J57AE942990	Flowdesk
6	2/23/2019	12/11/18	WP1AA2A27DL945511	Konklab
65	1/6/19	7/6/19	1C3BC7EGXBN266389	Konklux
37	9/15/2018	12/5/18	WP0CA2A88CS484776	Domainer
44	10/24/2018	4/30/2019	3VW1K7AJ2CM917597	Bamity
25	10/8/18	6/29/2019	WAUHFAFL5EN636591	Tresom
66	7/16/2019	9/9/18	WA1WKBFP5BA800837	Transcof
24	7/10/19	5/2/19	3GYT4NEF2CG987352	Bigtax
90	1/3/19	10/22/2018	JM3TB2CA7E0136342	Alpha
89	4/1/19	8/29/2018	1FTEX1CM1DF790365	Span
8	6/14/2019	4/21/2019	WBA6B2C59FG362073	Zaam-Dox
17	3/19/2019	9/20/2018	WBAWC73589E246650	Fixflex
83	9/6/18	3/29/2019	3C4PDDBG0CT614820	Alphazap
90	6/14/2019	11/24/2018	SAJWA8JH8EM705608	Stronghold
6	2/17/2019	10/31/2018	KMHTC6AD3DU477900	Redhold
66	3/6/19	11/13/2018	NM0AS8F71E1740897	Bamity
29	4/19/2019	3/8/19	2T2BK1BAXAC791669	Lotlux
76	5/4/19	10/17/2018	3D7TP2CTXAG656297	Regrant
3	1/9/19	5/22/2019	WBALL5C54EP060190	Prodder
9	10/15/2018	1/21/2019	WA1AY94L77D706384	Solarbreeze
100	8/30/2018	11/7/18	WBA3B3C59FF699020	Fixflex
14	8/31/2018	7/9/19	5XYKT3A1XBG169576	Prodder
65	6/6/19	8/17/2019	WDDGF4HB7CF853822	Overhold
21	12/13/2018	5/9/19	WAULT58E24A421796	Overhold
45	3/16/2019	4/16/2019	1N4AB7AP9EN610837	Holdlamis
90	6/16/2019	9/16/2018	WA1CGAFE4BD606084	Toughjoyfax
64	7/24/2019	5/29/2019	1G6AJ1R36F0242484	Latlux
100	6/30/2019	11/18/2018	5N1BA0NE6FN891056	Bitchip
81	7/26/2019	10/15/2018	YV4902DZ3E2751629	Pannier
87	10/11/18	6/21/2019	5GAKRBED3CJ358344	Greenlam
81	10/8/18	7/28/2019	5TDDK3DC2ES437519	Fix San
29	3/30/2019	11/8/18	JM1CR2W35A0267314	Zathin
61	9/3/18	6/21/2019	KNAGM4ADXC5954013	Treeflex
32	6/1/19	3/16/2019	3C3CFFBR8CT506150	Stronghold
21	3/9/19	1/13/2019	KMHTC6AD8FU635781	Wrapsafe
18	11/29/2018	11/4/18	WAUWFAFH1BN074381	Home Ing
21	6/10/19	9/30/2018	1FTWX3B53AE054524	Opela
15	9/1/18	5/15/2019	1G6YV36A375002153	Tin
71	5/21/2019	3/16/2019	1G6DF5E58D0329829	Rank
66	8/24/2018	9/12/18	WBALW3C5XDC739124	Lotlux
42	2/14/2019	10/13/2018	WAUBF78E68A548023	Matsoft
21	1/30/2019	2/27/2019	JHMFA3F24AS756193	Alpha
3	6/3/19	7/2/19	WAUHGBFC1DN388552	Zamit
85	3/29/2019	4/20/2019	1G4HF57998U822220	Sub-Ex
15	1/17/2019	9/17/2018	WAUAFAFH7CN227664	Bitchip
71	8/27/2018	6/6/19	JTDKDTB36D1734020	Flowdesk
97	8/6/19	1/20/2019	5FNRL5H26EB818374	Rank
13	1/14/2019	10/20/2018	WAUAC48H35K243386	Gembucket
29	9/29/2018	8/17/2019	5GNRNGEE6A8906615	Cookley
57	1/20/2019	5/23/2019	1N4CL2AP5BC707453	Ronstring
18	8/18/2019	9/27/2018	WAUHFAFL9CN858306	Zoolab
77	10/21/2018	1/23/2019	WAUYGBFC5DN468291	Tin
35	4/24/2019	7/4/19	3GYFNGE3XES564031	Ventosanzap
38	8/18/2019	10/27/2018	JTMHY7AJ7A4702449	Daltfresh
56	6/11/19	4/29/2019	5N1AA0NE5EN785823	Keylex
26	1/21/2019	2/20/2019	SCFFDEDN0CG130195	Konklab
53	10/3/18	1/13/2019	19UUA65614A717488	Latlux
17	2/6/19	8/7/19	5XYKT3A13BG332326	Voltsillam
30	10/9/18	1/19/2019	1C3CCBAG7EN568580	Flowdesk
25	11/16/2018	1/22/2019	WBAGN83484D471354	Redhold
68	8/21/2018	6/22/2019	WAUNF78P38A427089	Namfix
95	11/4/18	10/4/18	WA1BY94L88D905479	Gembucket
78	3/9/19	11/29/2018	WAUKD78P16A768187	Veribet
8	2/6/19	5/26/2019	JN1AZ4EH7FM670763	Vagram
31	3/10/19	5/2/19	2G4WS55JX41407316	Prodder
7	11/30/2018	1/1/19	5UXFB93573L838740	Bigtax
31	8/18/2019	6/1/19	KMHHT6KD9DU352419	Asoka
2	1/24/2019	6/9/19	WUARL48HX6K397300	Y-Solowarm
53	12/6/18	4/8/19	4T1BD1FK5EU708915	It
41	3/25/2019	9/19/2018	WBAPK5C54BF541451	Veribet
81	1/18/2019	9/23/2018	JN8AF5MR1ET547605	Pannier
93	4/17/2019	1/5/19	WP1AE2A21DL300812	Bytecard
30	3/1/19	12/16/2018	WDDGF4HB2CR887536	Bigtax
89	5/10/19	11/12/18	WBASP4C59AC120315	Bitchip
82	12/19/2018	4/6/19	WAUJC68E63A602377	Opela
53	1/16/2019	6/16/2019	5UXZW0C58D0806959	Konklab
13	9/3/18	6/6/19	2HNYD18846H482929	Ronstring
83	10/24/2018	8/21/2018	5UXFG8C50BL600139	Alphazap
61	6/1/19	1/29/2019	WAUKFAFL0DN675416	Tampflex
25	5/16/2019	4/21/2019	3N1CN7AP6DL065448	Solarbreeze
15	10/8/18	9/6/18	1G6DM57T170382135	Aerified
69	12/26/2018	11/19/2018	1D7RV1GP8BS604720	Zaam-Dox
26	2/14/2019	9/23/2018	1G6DP1E30C0194400	Stim
31	12/17/2018	9/3/18	3VW4A7AT3CM764844	Viva
7	11/25/2018	10/2/18	1G4PR5SK1C4635592	Temp
9	6/27/2019	7/31/2019	WBAPL3C52AA032181	Kanlam
26	9/22/2018	12/24/2018	4JGBB9FB0AA955842	Vagram
98	9/25/2018	1/14/2019	WBAEH73405C189239	Namfix
44	1/14/2019	5/23/2019	WP0CA2A8XCS314144	Tresom
90	11/9/18	4/1/19	JH4CL95976C500212	Veribet
97	8/1/19	4/30/2019	1FTSW3A59AE166134	Stronghold
79	11/5/18	11/25/2018	5GAKVBKD6EJ369230	Y-Solowarm
6	9/27/2018	11/25/2018	SALFR2BG1DH142119	Flexidy
35	3/31/2019	3/24/2019	1G6DL1ED3B0588220	Overhold
57	5/15/2019	3/6/19	WAUJF98KX9N841804	Keylex
66	4/11/19	6/18/2019	TRUUT28N861324391	Rank
7	4/22/2019	3/13/2019	YV126MEC8F1130803	Konklab
92	12/11/18	11/16/2018	3D7TT2HT0AG865634	Redhold
4	1/23/2019	12/16/2018	2C3CCASG6FH748054	Home Ing
56	8/25/2018	7/30/2019	JN8CS1MU6EM128760	Zaam-Dox
7	11/7/18	10/30/2018	2C3CA6CT6AH238746	Bitwolf
35	5/5/19	11/20/2018	1GYS3GEF1DR686714	Span
37	9/26/2018	4/27/2019	WAUXF78K19A299899	Keylex
87	1/25/2019	3/14/2019	5N1AR2MM0EC260743	Alpha
60	3/6/19	10/6/18	1G4HR57Y16U773848	Namfix
1	1/7/19	12/27/2018	WBACN33471L194487	Home Ing
1	10/8/18	8/8/19	2G4WC562251320189	Trippledex
44	10/25/2018	6/13/2019	YV1672MK3C2581137	Trippledex
13	10/11/18	7/1/19	WAUHF98P36A444965	Vagram
12	1/21/2019	11/11/18	1G6AF5S38E0388533	Alphazap
16	11/3/18	8/9/19	TRUUT28N731449216	Mat Lam Tam
17	12/22/2018	4/30/2019	1G6KD57Y86U140338	Prodder
51	12/30/2018	4/25/2019	1G6DJ8ED4B0763606	Matsoft
9	12/31/2018	3/27/2019	WBA4A5C51FG822533	Zaam-Dox
22	9/4/18	11/6/18	1C4RDHEG3CC425926	Holdlamis
32	1/31/2019	12/20/2018	JN8AS5MT4DW963961	Holdlamis
94	2/15/2019	10/14/2018	WBABD53405P632596	Greenlam
11	9/15/2018	2/13/2019	WAUFGBFB2BN445899	Gembucket
4	2/19/2019	8/10/19	WBAVL1C52FV804156	Flowdesk
81	10/19/2018	9/21/2018	WAUKF98E67A525870	Flexidy
38	9/4/18	2/24/2019	WA1C8AFPXDA288958	Hatity
70	5/29/2019	7/21/2019	1FTEX1CM4BK346370	Cardguard
1	9/13/2018	12/12/18	WA1AY94L39D315252	Toughjoyfax
46	11/1/18	12/25/2018	3N1AB6APXAL933229	Konklux
57	8/21/2018	7/7/19	1D7RW3BK0BS716237	Alphazap
22	5/8/19	7/1/19	WBA1J7C59FV441295	Temp
90	2/6/19	5/8/19	WA1VMAFP9FA305272	Fixflex
94	1/24/2019	7/25/2019	1NXBU4EE3AZ868265	Ventosanzap
66	9/25/2018	2/15/2019	1GYS4AEF8DR544449	Bamity
74	12/24/2018	11/7/18	JH4DC53094S497110	Andalax
12	6/17/2019	11/24/2018	3GYT4MEF3DG396300	Cookley
76	11/11/18	4/7/19	WAUHF68P76A550866	Subin
78	2/20/2019	1/17/2019	JH4KC1F97EC330587	Zaam-Dox
66	12/1/18	3/3/19	TRURD38J581822198	Andalax
42	3/16/2019	10/4/18	YV1902AHXD1316040	Gembucket
92	2/20/2019	9/7/18	YV140MEB5F1728428	Tin
27	5/10/19	3/5/19	WBA4A5C59FG209690	Viva
80	9/30/2018	11/1/18	1FTEX1C81AK011133	Toughjoyfax
88	11/16/2018	11/18/2018	WDDGF4HBXEA958578	Cookley
13	7/6/19	12/8/18	WAUEFAFL6CA843322	Daltfresh
64	3/24/2019	9/21/2018	WAUKF78E26A422769	Quo Lux
21	4/24/2019	5/24/2019	WA1YD64B95N277935	Mat Lam Tam
62	12/24/2018	8/31/2018	4JGBF2FE0BA769239	Cookley
6	10/29/2018	10/15/2018	WAUVVAFR9AA826356	Treeflex
82	1/12/19	2/26/2019	1N6AA0CA4FN480543	Toughjoyfax
9	9/24/2018	6/23/2019	WAUDH98E97A632401	Wrapsafe
91	5/29/2019	7/24/2019	WDDHF0EB0EA592809	Trippledex
28	9/11/18	6/21/2019	WAU2MAFCXFN750213	Rank
10	12/22/2018	10/31/2018	3VW4S7AT9EM822813	Redhold
82	11/20/2018	3/15/2019	JTHBL5EF2F5302555	Alpha
95	11/5/18	7/27/2019	JH4KA965X3C898427	Sonsing
61	5/23/2019	5/16/2019	1FBSS3BL4AD177139	Job
98	6/27/2019	4/20/2019	5N1BA0NE1FN050004	Keylex
1	12/25/2018	9/30/2018	1C3CDWDA9CD952410	Flowdesk
52	12/9/18	2/23/2019	1N6AD0CU6DN773987	Bamity
73	2/12/19	6/30/2019	5UXFH0C52AL423090	Treeflex
63	11/26/2018	1/5/19	WBAKB4C53BC123923	Holdlamis
72	12/2/18	5/6/19	JH4KB16658C116873	It
17	6/17/2019	6/14/2019	1C3CDZBG3EN521471	Job
54	1/20/2019	4/19/2019	1GYS4HKJ3FR158848	Fixflex
42	4/1/19	8/11/19	1G6DM5ED8B0682582	Transcof
62	8/16/2019	10/21/2018	2D4RN3DG4BR842160	Bamity
37	12/26/2018	3/11/19	WBAWL73519P490497	Ventosanzap
73	2/16/2019	9/24/2018	WAUJC68E52A587014	Flowdesk
22	2/26/2019	9/21/2018	WBA3G7C53FK693942	Hatity
10	1/27/2019	1/30/2019	1FTEX1CM5BF121335	Zaam-Dox
22	2/26/2019	9/14/2018	WAUAC48H64K697579	Stim
47	1/20/2019	9/6/18	1G4GB5EG2AF580874	Biodex
70	1/12/19	3/3/19	JH4NA21694T448841	Regrant
67	7/31/2019	10/11/18	1FMJK1JT1FE267083	Span
96	10/8/18	1/27/2019	2T1KU4EE1BC785890	Voyatouch
94	5/22/2019	7/22/2019	WBAFA53531L233945	Lotlux
94	1/2/19	7/9/19	WAUAH74F29N708090	Treeflex
47	6/16/2019	5/23/2019	WBADS33473G280486	Redhold
91	5/15/2019	8/23/2018	SALAF2D47AA223426	Mat Lam Tam
66	12/15/2018	11/10/18	1FTEX1CM4BK025462	Stim
9	2/18/2019	12/7/18	JTHBE1KS0A0292070	Asoka
69	10/2/18	6/7/19	2G4WE537651956561	Cookley
96	7/13/2019	10/6/18	5TDBCRFH3FS905162	Konklab
88	12/25/2018	11/13/2018	5XYZT3LB4EG807457	Cardify
55	9/11/18	11/26/2018	1FTMF1CW1AF351601	Subin
4	10/25/2018	9/29/2018	1G6YV36A795160188	Opela
88	6/23/2019	5/28/2019	5BZAF0AAXFN885930	Zaam-Dox
5	11/28/2018	9/3/18	KNDJT2A54C7176854	Stronghold
55	4/12/19	6/2/19	1D4RD5GG5BC435242	Zoolab
42	6/27/2019	3/28/2019	JTDBT4K34CL876135	Opela
92	8/11/19	11/12/18	JA4AP3AU7BZ596896	Kanlam
84	3/19/2019	2/9/19	WBANN73517B005520	Namfix
22	9/18/2018	2/1/19	JTEBU5JR5D5365267	Vagram
89	2/5/19	6/15/2019	1FTDS3EL9AD523928	Ventosanzap
24	6/28/2019	7/21/2019	JHMFA3F26BS670143	Stim
62	5/22/2019	12/9/18	1G4HF5EM7AU520244	Fintone
3	1/18/2019	1/2/19	JTEBU5JR7A5654131	Toughjoyfax
93	12/28/2018	4/2/19	WBSBL93431J736874	Zontrax
95	10/12/18	9/1/18	SCFAD01E29G811274	Fix San
41	8/12/19	6/30/2019	WAUGL98E47A755129	It
100	10/20/2018	7/14/2019	JM1CW2BL1F0580009	Trippledex
76	1/23/2019	6/11/19	5N1AR2MM3EC334589	Toughjoyfax
30	4/23/2019	6/24/2019	3N1AB7AP6FL660917	Matsoft
61	10/28/2018	9/23/2018	WAUGN74F37N898143	Job
21	3/19/2019	10/13/2018	2B3CA8CT7AH348245	Rank
60	8/11/19	1/26/2019	WBSVA93578E699648	Mat Lam Tam
13	11/23/2018	3/4/19	WA1WGBFP4EA623994	Holdlamis
13	9/29/2018	6/9/19	KL4CJESB2DB635098	Cardify
5	7/25/2019	8/18/2019	2G4GY5GV1B9589635	Gembucket
80	4/3/19	6/5/19	1N4AA5AP8EC747528	Duobam
39	11/25/2018	7/2/19	WBAEB5C51AC181935	Sonair
95	8/20/2018	11/10/18	3D73M3CL2AG331271	Ronstring
27	4/10/19	3/31/2019	WBSDE93422C161899	Otcom
35	6/24/2019	5/13/2019	SCFHDDAJ4CA377212	Rank
35	5/2/19	11/26/2018	WP0AB2A92AS235318	Tres-Zap
49	4/1/19	7/23/2019	3VW1K7AJ0CM433993	Vagram
63	11/23/2018	3/3/19	WAUWFAFH4DN641573	Holdlamis
5	4/1/19	3/6/19	JTDKN3DP9F3032911	Otcom
4	12/1/18	10/12/18	WBA3C1C57CA189162	Alpha
1	5/11/19	2/8/19	1G6AG5RX3E0424618	Bytecard
29	6/9/19	9/3/18	WAUBF98E28A232100	Cardguard
95	7/7/19	2/4/19	3TMJU4GN7FM781719	Greenlam
64	1/12/19	9/17/2018	WAUDFAFL0CA844980	Span
22	5/9/19	10/21/2018	5FRYD4H61EB824104	Span
93	8/24/2018	2/6/19	WAUKF78E06A338398	Flexidy
2	3/13/2019	10/23/2018	WBANF33596C322055	Latlux
44	4/12/19	12/29/2018	WAUWGAFC0FN200527	Y-Solowarm
86	12/15/2018	3/18/2019	2C4RDGCG5FR800501	Opela
15	11/3/18	2/25/2019	JN8AZ1FY6BW936254	Fixflex
32	6/20/2019	4/17/2019	1D7RV1CPXBS527838	Sub-Ex
16	11/8/18	7/31/2019	WAUFFAFL4BA700422	Alpha
77	4/16/2019	2/19/2019	1GTN1TEX0CZ670867	Konklux
64	1/7/19	6/4/19	19VDE2E59DE269798	Tresom
25	5/8/19	4/18/2019	3C4PDCEG8DT421239	Tresom
36	10/14/2018	4/10/19	1D4PT5GK0BW484166	Cardify
68	11/1/18	12/14/2018	WUARL48H87K711981	Namfix
19	4/17/2019	7/15/2019	5J6TF2H51EL852168	Home Ing
29	5/17/2019	5/7/19	3N1CE2CP6FL121486	Rank
26	9/18/2018	1/23/2019	SCFAD01A16G595233	Zaam-Dox
14	4/30/2019	9/24/2018	SAJWJ0FF1F8222559	Flexidy
9	2/1/19	11/14/2018	1C4SDJCT4DC255781	Bytecard
67	7/1/19	6/17/2019	1GKS1HE06DR912635	Greenlam
97	1/2/19	8/14/2019	SAJWA2GTXEM916575	Mat Lam Tam
95	11/13/2018	11/18/2018	SCFEBBCF9BG768731	Fixflex
12	10/22/2018	4/5/19	WBA3B1G54EN382894	Tin
51	2/14/2019	11/27/2018	19XFB4F26DE999418	Prodder
33	7/19/2019	9/24/2018	WBXPC93418W929361	Cookley
73	8/1/19	9/29/2018	1D7RW2GKXBS662254	Cardguard
93	12/16/2018	6/22/2019	WAUSFAFL7CA522781	Home Ing
76	3/27/2019	4/28/2019	5GAKVCED5BJ073449	Konklux
90	8/1/19	6/27/2019	SALVP2BGXFH723350	Subin
74	9/27/2018	6/9/19	5YMKW8C52F0495055	Konklux
97	8/4/19	12/18/2018	WA1AV94L39D899094	Zathin
49	5/18/2019	2/23/2019	SALVN2BGXDH840784	Kanlam
38	9/30/2018	8/17/2019	1D7RW3BK7BS776337	Andalax
85	10/29/2018	9/10/18	KNAFK4A69F5059507	Kanlam
59	6/22/2019	8/21/2018	1FTEX1C83AK599746	Bitwolf
4	10/5/18	6/12/19	3D7TP2HT3AG847827	Transcof
68	7/31/2019	8/25/2018	1N6AA0EK1FN974686	Prodder
95	7/14/2019	5/7/19	1FTEW1CMXEF147890	Namfix
5	4/2/19	12/24/2018	19UUA65624A396223	Zoolab
91	1/4/19	1/25/2019	1G4GJ5E34DF496866	Transcof
74	6/23/2019	11/24/2018	JTEBC3EH5C2523289	Temp
17	4/14/2019	4/29/2019	5N1AN0NU4CN924865	Bamity
76	2/10/19	7/25/2019	1B3CC4FBXAN507305	Aerified
94	2/28/2019	3/12/19	JN1CV6FE3EM678894	Subin
66	12/7/18	2/26/2019	WAUDF58E45A766485	Bitwolf
19	9/9/18	10/14/2018	5N1AR1NB5AC484138	Span
24	1/11/19	12/5/18	1G6DA5EG3A0491301	Alpha
54	11/26/2018	3/22/2019	WAUCVAFR2BA652445	Namfix
93	6/8/19	4/17/2019	WAUDG94FX5N833747	Namfix
23	8/12/19	6/20/2019	1G6YV36AX85969635	Overhold
99	5/23/2019	11/22/2018	5TDDK3DC3CS115758	Rank
65	6/25/2019	3/8/19	JN8AZ1FY5CW999895	Zamit
58	8/1/19	4/5/19	WUADNAFG2AN082432	Keylex
8	11/17/2018	2/15/2019	WBAEP33415P626766	Wrapsafe
64	4/3/19	12/4/18	JTEBU5JR2C5534059	Fix San
14	4/18/2019	6/28/2019	JM3ER2W3XA0784771	Veribet
26	9/15/2018	12/15/2018	WBAUT9C5XAA380428	Cookley
60	8/9/19	10/7/18	WP1AB2A21FL330663	Ventosanzap
65	10/30/2018	6/7/19	KNADM5A32D6451507	Fixflex
43	9/8/18	12/5/18	WAURMAFD0EN964391	Otcom
58	5/22/2019	10/31/2018	1N6AA0EK0FN811804	Treeflex
8	9/8/18	4/28/2019	JHMZF1D45FS117089	Gembucket
30	10/21/2018	5/24/2019	YV126MFB6F1090419	Ventosanzap
30	11/30/2018	6/17/2019	WDDNG7DB0CA601970	Fintone
29	12/5/18	8/26/2018	1C6RD7KP4CS602527	Alpha
20	1/9/19	5/12/19	3C63DPNL8CG301278	Kanlam
92	3/31/2019	1/29/2019	KL4CJCSB4DB368695	Bigtax
79	5/22/2019	7/15/2019	1G4GL5E39CF382693	Aerified
73	6/24/2019	7/25/2019	WAUMFAFL4AN236403	It
27	8/7/19	1/22/2019	1FTSW2A5XAE526165	Ventosanzap
54	4/19/2019	11/19/2018	3GYFNEE37FS203541	Flowdesk
71	10/4/18	2/24/2019	JN1CV6EK3CM631126	Overhold
55	2/3/19	4/14/2019	WBAET37475N665203	Regrant
72	7/25/2019	8/4/19	5FPYK1F48DB165936	Sonair
46	10/15/2018	9/3/18	WAUKGAFB1BN140547	Viva
42	9/17/2018	6/7/19	WAUDH78E98A366092	Daltfresh
5	5/14/2019	1/13/2019	5J8TB2H52CA927438	Stim
71	11/19/2018	12/6/18	WBA3B9C53FP498646	Gembucket
32	1/4/19	9/25/2018	KNADH4A31A6583748	Stim
25	5/5/19	11/6/18	2HNYD2H45DH347829	Home Ing
79	9/6/18	11/20/2018	WAUEKBFB1BN011225	Fixflex
9	12/1/18	8/24/2018	1C3BCBFGXDN111006	Wrapsafe
21	3/14/2019	7/17/2019	SCBBR9ZA4DC222627	Lotlux
98	1/13/2019	1/27/2019	WA1LGBFE1ED212861	Mat Lam Tam
28	11/5/18	10/31/2018	WVGFG9BPXCD870660	Sub-Ex
79	11/28/2018	3/6/19	1N6BF0KLXFN142542	Quo Lux
20	4/30/2019	4/24/2019	JM3TB2CV1F0125261	Domainer
15	10/23/2018	6/26/2019	WAUDFAFL9EN106512	Duobam
75	11/11/18	7/25/2019	JN1CV6AP8AM214454	Veribet
10	8/21/2018	1/20/2019	1C3CDZAB3DN770776	Kanlam
1	7/12/19	3/14/2019	3VWKX8AJ4BM028102	Gembucket
55	5/3/19	4/1/19	SAJWA4EC6BM488370	Veribet
22	8/23/2018	6/2/19	KM8JT3AB2CU585346	Rank
98	2/15/2019	11/27/2018	1C6RD6NT9CS778749	Pannier
35	10/14/2018	3/9/19	KMHGN4JE0FU947439	Span
89	10/26/2018	7/9/19	WAUMGBFL4BA123420	Y-Solowarm
91	12/14/2018	1/4/19	2C3CDXJG5CH365784	Job
42	6/21/2019	3/16/2019	1FM5K7B84DG975005	Greenlam
25	6/24/2019	4/2/19	2C3CCAJG1EH709825	Span
20	6/17/2019	3/16/2019	WAUPFBFM1BA684456	Greenlam
58	8/9/19	6/21/2019	WAUYGBFC4DN571587	Zaam-Dox
99	1/27/2019	6/29/2019	1C6RD7PT3CS389530	Tres-Zap
42	11/16/2018	7/7/19	WAUMFAFL5CN176246	Flexidy
78	6/12/19	4/27/2019	JM1DE1KY0D0703678	Konklab
13	1/20/2019	2/28/2019	WBS3R9C57FF414759	Zoolab
5	8/1/19	7/29/2019	5FRYD4H21FB274014	Toughjoyfax
85	9/16/2018	10/3/18	KMHTC6AD6DU003035	Home Ing
44	4/1/19	10/7/18	WAUGL98E98A211856	Voltsillam
84	6/17/2019	2/6/19	WP0CB2A81CS967099	Tempsoft
76	2/6/19	11/1/18	5J6TF2H52DL635596	Tampflex
30	4/12/19	7/27/2019	WA1DGBFE6BD576306	Aerified
33	12/26/2018	1/17/2019	JA4AP3AU6CZ345062	Wrapsafe
94	3/11/19	2/8/19	3D4PG4FB5BT034891	Stim
28	5/4/19	8/3/19	1G6AM5S36F0455170	Sonair
87	6/29/2019	4/29/2019	JN8AZ1MU5AW213770	Greenlam
78	3/23/2019	6/3/19	WAUVT54B33N364794	Stronghold
45	7/4/19	11/28/2018	SALAC2D46BA298788	Prodder
64	1/18/2019	3/20/2019	WAUPL58E95A135849	Vagram
21	3/22/2019	5/21/2019	WVWAB7AJ7CW143513	Sonair
41	6/26/2019	3/5/19	1GYS4BEF0CR438498	Holdlamis
55	3/22/2019	11/12/18	JH4KA96592C089404	Flexidy
20	9/16/2018	11/22/2018	ZHWGU5BZ8AL646440	Daltfresh
77	5/9/19	10/19/2018	SCBFT7ZA2EC729163	Tin
75	3/17/2019	12/19/2018	1G6KH5EY2AU678937	Bitchip
88	1/20/2019	1/6/19	2HNYD2H38DH823594	It
41	4/19/2019	7/11/19	YV4902BZ1B1612944	Cardguard
11	8/13/2019	6/23/2019	KMHFH4JG9EA011338	Aerified
20	3/9/19	9/15/2018	WA1WMBFE0DD973885	Namfix
31	9/3/18	4/8/19	KNADM4A36D6820685	Treeflex
91	4/22/2019	9/2/18	WUAGNAFG2CN751007	Flexidy
40	4/22/2019	10/9/18	1GYS4KEF4CR828715	Sub-Ex
77	10/22/2018	3/11/19	1N6AA0CJ7DN868024	Stringtough
92	8/27/2018	9/3/18	1GYFK43589R427576	Sonsing
1	1/14/2019	7/25/2019	2C4RDGEG7FR931703	Sub-Ex
58	11/4/18	7/3/19	WAUBF78E08A232732	Temp
19	2/24/2019	5/16/2019	WVGAV3AXXDW748904	Matsoft
92	6/6/19	8/1/19	1FTEW1C83AF544452	Matsoft
78	3/21/2019	12/9/18	KMHHT6KDXAU194958	Subin
74	8/17/2019	6/12/19	1G6AH5S31D0960907	Tempsoft
90	12/16/2018	11/12/18	JM1BL1K38B1699906	Stringtough
98	9/15/2018	2/24/2019	4T1BF1FK2EU427763	Tempsoft
14	12/29/2018	2/14/2019	2G4GN5EKXC9315174	Mat Lam Tam
55	8/4/19	6/6/19	JM1CW2CLXF0590911	Viva
82	2/24/2019	4/13/2019	5TDDK3DC5FS450525	Aerified
66	3/28/2019	2/9/19	JTEBU5JR9F5358700	Bytecard
44	3/4/19	11/20/2018	WBANA73524B674242	Bitwolf
20	4/25/2019	6/6/19	WBA3A9G56CN295139	Bamity
54	6/11/19	1/30/2019	5N1AA0NC7BN999531	Zaam-Dox
46	4/14/2019	4/5/19	WBANB53586C756166	Voltsillam
98	4/22/2019	7/9/19	JH4CL96855C014518	Cookley
91	3/8/19	1/5/19	5NPEB4AC9CH162040	Asoka
21	3/14/2019	9/21/2018	WA1DGAFP8EA046727	Cookley
17	3/5/19	4/14/2019	2C3CDXBG2EH373990	Y-find
68	11/13/2018	3/27/2019	SALVP1BG1EH189373	Greenlam
95	6/25/2019	2/17/2019	WVWAN7AN6DE342814	Zathin
82	11/23/2018	8/15/2019	1G6DF8E55E0820247	Tres-Zap
62	12/26/2018	5/29/2019	WBA3B3C55DF005002	Voltsillam
2	10/15/2018	2/14/2019	1FTSW3A52AE127417	Daltfresh
33	2/9/19	8/31/2018	WA1EY74LX8D201222	Zathin
58	7/20/2019	12/31/2018	KMHGH4JH6DU479389	Regrant
91	9/20/2018	5/2/19	3FAHP0CG7BR961937	Alphazap
37	1/24/2019	8/15/2019	1GYUKKEF1AR095342	Span
75	4/24/2019	6/23/2019	1GTPCTEX0AZ221950	Voltsillam
93	7/6/19	6/3/19	JTDKN3DU7A0285595	Stronghold
69	6/28/2019	7/1/19	3C63D3LL8CG847218	Cookley
35	4/12/19	8/9/19	5J8TB18587A778873	Zontrax
93	10/24/2018	6/27/2019	SCBFU7ZA7DC934036	Konklux
10	11/3/18	10/17/2018	SCFAD01A55G984391	Flowdesk
26	5/6/19	4/7/19	5N1AA0NC0FN504026	Transcof
44	8/23/2018	6/23/2019	1G4GD5GR6CF980108	Stringtough
41	12/25/2018	9/14/2018	WAUSF78K49A281603	Opela
43	12/2/18	8/28/2018	5XYKT3A17CG845337	Prodder
70	12/5/18	5/31/2019	WA1AY94L67D238258	Tempsoft
64	1/5/19	7/12/19	WBAWV53519P265382	Opela
7	7/24/2019	7/31/2019	5GAEV23788J682869	Gembucket
99	8/8/19	11/14/2018	WBABD334X5P592886	Tres-Zap
36	2/8/19	1/24/2019	1G4GC5GR2DF831084	Bytecard
19	6/25/2019	9/22/2018	SALFR2BGXEH889333	Pannier
60	4/15/2019	5/14/2019	KMHGN4JE5FU949946	Temp
68	6/17/2019	5/6/19	1GTC5LF90B8516868	Greenlam
23	1/23/2019	3/27/2019	SCBZB25E82C498812	Job
23	11/24/2018	11/13/2018	1N4AL3AP0EC256515	Bitchip
28	10/30/2018	10/28/2018	WBANN73537C598291	Viva
47	4/24/2019	4/29/2019	5YMKT6C57F0764132	Cardify
82	11/22/2018	5/13/2019	3N1BC1AP6AL596692	Bamity
96	11/12/18	3/13/2019	JTHHE5BCXF5487100	Sub-Ex
28	12/16/2018	8/2/19	5XYZT3LB3FG454937	Redhold
64	8/12/19	8/14/2019	19VDE3F71EE328723	Solarbreeze
56	6/10/19	12/5/18	2G61N5S38F9790269	Zathin
68	10/23/2018	4/4/19	KNADH5A33A6038835	Temp
27	7/2/19	7/6/19	3GYT4MEF1BG655203	Fintone
89	4/30/2019	8/10/19	WAUAG78E46A441946	Bitwolf
38	2/5/19	6/6/19	1GYFK16219R054199	Rank
46	5/27/2019	12/7/18	5FNYF3H25CB070382	Biodex
12	9/9/18	3/1/19	JM1BL1H36A1017224	Subin
25	1/24/2019	6/27/2019	5YMKT6C59F0839705	Overhold
48	4/25/2019	6/28/2019	19UYA427X2A565100	Latlux
40	2/28/2019	6/20/2019	2T1BURHE8EC274299	Prodder
60	1/5/19	1/13/2019	JHMZE2H34ES435777	Kanlam
50	7/24/2019	1/27/2019	2T1BURHE6EC472959	Zontrax
41	12/2/18	10/16/2018	WAUDK78T58A412422	Wrapsafe
78	4/19/2019	9/5/18	JH4DC54862C590274	Cookley
78	10/21/2018	12/25/2018	WAUAGAFD4DN592654	Biodex
49	6/17/2019	5/16/2019	ZFBCFADH5EZ030697	Voyatouch
70	4/17/2019	2/16/2019	WA1WMAFE8BD633357	Viva
89	5/4/19	6/14/2019	2FMDK3AK2DB820347	It
51	2/2/19	8/22/2018	1FTWW3DY0AE143719	Voyatouch
66	11/14/2018	4/7/19	3GYFNFE30CS530106	Regrant
1	6/5/19	4/12/19	2G4WD582181401733	It
38	9/13/2018	6/22/2019	WAUVFAFR4BA325390	Ventosanzap
33	4/19/2019	12/1/18	WAUDT94F45N225038	Zaam-Dox
60	5/27/2019	1/5/19	5GADV33L85D187595	Trippledex
21	7/8/19	8/1/19	1N6AD0CWXEN293406	Matsoft
14	10/6/18	12/23/2018	SCFFDCCD7CG613504	Andalax
83	6/13/2019	10/26/2018	1FTFW1E8XAF609377	Greenlam
24	11/25/2018	3/31/2019	1FTWW3CYXAE294486	Tampflex
48	4/4/19	10/3/18	SAJWA2GTXEM280997	Konklux
72	6/16/2019	4/13/2019	WAUML54D91N924389	Keylex
90	11/11/18	11/24/2018	WBABD33415J001119	Tampflex
49	12/1/18	2/1/19	WVWAP7AN0EE161316	Wrapsafe
46	8/23/2018	11/30/2018	NM0KS7DN2AT085907	Regrant
10	6/1/19	7/1/19	5TFCW5F15DX007449	Konklab
96	10/11/18	1/12/19	3GYVKMEF8AG276180	Tresom
78	3/21/2019	8/14/2019	2C3CDXBG6DH503378	Fintone
81	5/15/2019	3/23/2019	1D7CW5GK9AS491597	Bytecard
69	10/26/2018	4/15/2019	5GADV23117D393532	Tin
76	7/10/19	5/31/2019	1G4HR54K91U567170	Bigtax
75	1/10/19	6/18/2019	1FMJU1H5XAE989789	Latlux
8	5/14/2019	8/24/2018	JTDKDTB32D1527544	Stronghold
62	5/13/2019	12/22/2018	1G6KE57Y43U118751	Tampflex
27	1/1/19	12/20/2018	WBAKE3C5XBE371334	Flexidy
75	11/27/2018	8/15/2019	WAUWFAFR2AA046457	Wrapsafe
6	1/8/19	5/14/2019	1G6DR57V680696786	Home Ing
62	4/8/19	9/26/2018	5UXKU2C5XF0386255	Alpha
44	5/29/2019	2/5/19	JN8AF5MR6BT841531	Opela
45	11/2/18	9/10/18	JA32X2HU8EU618379	Wrapsafe
73	2/2/19	10/29/2018	2T1BU4EE8CC203706	Regrant
73	1/2/19	3/31/2019	WAUVT68E63A648146	Biodex
45	3/6/19	6/17/2019	5FRYD3H23GB354801	Mat Lam Tam
10	8/18/2019	6/12/19	4T1BK3DB1CU610627	Subin
86	3/18/2019	3/19/2019	2FMDK4JC7AB285865	Fix San
48	12/1/18	4/4/19	19XFB2E56EE047116	Stringtough
89	4/25/2019	3/24/2019	1G6DM5E30D0024846	Viva
6	10/2/18	10/2/18	WVGAV7AX8AW152368	Tempsoft
57	8/23/2018	7/26/2019	WAUVFAFR0AA879489	Konklab
27	5/11/19	2/17/2019	19UYA42692A435283	Lotstring
4	7/23/2019	7/8/19	WAULV94E09N114439	Alpha
49	10/31/2018	1/9/19	1D4PU6GX5BW438377	Viva
41	11/13/2018	10/17/2018	WA1LFAFP9CA500530	Job
65	2/16/2019	11/3/18	WBAYE4C55ED557602	Opela
68	6/2/19	9/6/18	2C3CDXBG4FH207424	Tin
27	5/4/19	4/18/2019	JN8AZ2KR9AT326658	Konklab
2	2/3/19	12/9/18	1G6DM5EY4B0520922	Bytecard
63	6/20/2019	7/22/2019	KMHTC6AD8DU141420	Kanlam
65	10/6/18	7/25/2019	2B3CA2CV1AH625860	Span
92	7/17/2019	5/19/2019	YV4902NC2F1420431	Fixflex
60	4/13/2019	11/26/2018	JHMZE2H37CS090239	Viva
74	2/19/2019	5/20/2019	WBA3B9C53EJ808778	Flowdesk
42	3/5/19	8/6/19	JA32X2HU5CU385994	Fixflex
58	10/15/2018	10/24/2018	WAUKD78P99A696661	Job
64	10/11/18	7/29/2019	SALWR2TF8FA322179	Fix San
6	6/25/2019	5/29/2019	WAUWGAFC0FN954141	Tresom
16	7/6/19	1/10/19	3GTU1YEJ3DG287589	Biodex
88	9/22/2018	9/9/18	WAUEF98E58A152531	Stringtough
93	11/29/2018	1/17/2019	JTHDL5EF7F5957660	Otcom
26	11/25/2018	10/3/18	WBA3C3C59FP573053	Matsoft
33	6/7/19	11/16/2018	KMHHT6KD8AU852924	Cookley
29	8/13/2019	6/5/19	1C3BCBGG3DN600670	Sub-Ex
66	5/1/19	4/19/2019	SALAB2D42BA557585	Bitchip
100	8/9/19	11/17/2018	KNALN4D77F5509413	Mat Lam Tam
25	9/25/2018	10/22/2018	3D7TT2HT5BG222830	Ventosanzap
83	2/11/19	2/6/19	2C3CDZAGXFH717094	Treeflex
50	2/22/2019	10/30/2018	SCFFBCCD1BG948326	Redhold
21	4/10/19	10/11/18	1GTN1TEX0DZ297038	Wrapsafe
29	8/30/2018	8/12/19	5LMJJ2H56AE371755	Zontrax
39	8/21/2018	4/6/19	3VW4A7AT4CM041150	Zathin
78	5/7/19	3/5/19	WAUBG78E66A503173	Quo Lux
39	9/13/2018	9/21/2018	WBA3B5C59DP057383	Tin
32	4/24/2019	5/24/2019	WAUKF78E57A660486	Mat Lam Tam
98	7/27/2019	2/13/2019	WAUBFAFLXFA079630	Latlux
76	4/14/2019	12/22/2018	JH4CU2F60AC588568	Cookley
77	1/26/2019	11/10/18	2FMGK5CC0AB398332	Gembucket
53	1/10/19	10/13/2018	1GYS4CEF3DR325958	Span
88	4/29/2019	10/28/2018	1FTMF1CW2AK600138	Biodex
86	2/12/19	5/1/19	1HGCR2E72EA746098	Fix San
39	2/9/19	6/13/2019	WBA3N9C58EF375453	Kanlam
61	5/25/2019	7/19/2019	JN8AZ2KR1AT237053	Prodder
68	5/3/19	1/6/19	WAUMFAFL8BN688906	Namfix
8	10/28/2018	7/25/2019	2G4GR5EC3B9650921	Bitchip
72	10/31/2018	3/5/19	5NPEB4ACXCH018321	Biodex
74	1/29/2019	5/20/2019	TRUWC28N211662807	Fixflex
1	11/18/2018	2/28/2019	3GTU1YEJ2BG661638	Prodder
88	7/10/19	9/18/2018	WA1DGAFE6BD207763	Aerified
72	9/21/2018	2/2/19	WBANN73546C832517	Pannier
99	10/6/18	1/27/2019	WA1LFAFPXEA054701	Konklab
38	12/12/18	6/13/2019	WVWED7AJ1CW226463	Holdlamis
88	11/26/2018	9/29/2018	WA1EV94L17D367969	Gembucket
98	7/16/2019	3/25/2019	WBAUC73549V074544	Span
94	8/16/2019	8/16/2019	WBAVM5C56EV042923	Rank
33	8/2/19	5/12/19	WA1CFAFP0FA476588	Otcom
94	10/15/2018	12/13/2018	WAUDH98E07A825598	Aerified
9	4/2/19	1/2/19	3D73Y4HL4AG241798	Regrant
40	8/26/2018	10/17/2018	19UUA66268A103389	Daltfresh
25	5/27/2019	3/8/19	5J8TB3H52GL763589	Y-find
68	10/6/18	12/16/2018	1G4GE5G39CF409804	Hatity
95	12/25/2018	5/28/2019	JHMZF1C49CS537113	Hatity
87	1/2/19	11/14/2018	4T1BD1EB6EU406342	Daltfresh
70	2/21/2019	12/4/18	TRUUT28NX41732906	Home Ing
33	6/26/2019	5/31/2019	WUARL48H49K974665	Sub-Ex
64	12/17/2018	8/10/19	KNAFU5A27B5688805	Tampflex
57	3/23/2019	7/24/2019	KMHD35LH0FU923499	Tampflex
17	3/14/2019	5/4/19	1GYS3DEF9BR445799	Home Ing
29	4/11/19	5/4/19	JH4KA96593C293668	Tres-Zap
68	3/30/2019	11/1/18	WDDHF8JB4DA800953	Zontrax
44	3/19/2019	7/20/2019	2T2BK1BA0FC057372	Redhold
65	7/2/19	9/8/18	3VWML7AJ3DM884282	Domainer
35	12/12/18	7/12/19	SAJWA4EC8DM048394	Voltsillam
8	6/11/19	11/28/2018	1FTWF3B58AE669475	Duobam
9	3/29/2019	1/30/2019	JHMZF1C69CS354649	Cardify
94	6/24/2019	1/23/2019	1ZVBP8AM6B5261771	Bitchip
46	5/16/2019	12/22/2018	WP0AB2A91AS394864	Treeflex
14	1/30/2019	4/8/19	1C4RDHDG4DC727003	Mat Lam Tam
57	2/18/2019	1/13/2019	19UYA42701A271929	Cookley
63	6/26/2019	10/25/2018	1GD02ZCG3CZ493790	Viva
65	11/2/18	5/18/2019	SALVP1BG0EH866073	Zoolab
16	12/13/2018	1/5/19	WBAKG7C59CE158765	Alphazap
16	9/13/2018	1/1/19	WAUWFAFL8BA420065	Viva
89	2/10/19	10/24/2018	WDDGF4HB6EA602175	Flexidy
57	12/4/18	12/30/2018	5NPEB4AC1CH236468	Toughjoyfax
97	9/6/18	2/5/19	1GYS4BKJ8FR352563	Holdlamis
43	5/13/2019	10/30/2018	1D4PT4GX7BW633016	Fixflex
64	8/5/19	6/19/2019	WVGAV7AXXCW752165	Rank
2	9/28/2018	1/24/2019	1G6DP8E30D0968297	Zaam-Dox
74	6/7/19	4/12/19	1G4PT5SV2F4056269	Bigtax
10	10/3/18	4/29/2019	JHMZF1C67CS782641	Solarbreeze
15	8/29/2018	1/3/19	1GYS3CEF3BR267656	Alpha
40	3/12/19	3/18/2019	3N1BC1CP0CK997211	Fix San
30	6/12/19	10/30/2018	WBAKN9C54FD890765	Zoolab
30	7/23/2019	10/16/2018	JTEBU5JR2C5413189	Konklab
100	4/6/19	5/6/19	3VW517ATXFM267668	Subin
60	8/25/2018	8/31/2018	WBAWL73559P339064	Job
73	2/2/19	6/17/2019	WAUVT68E82A374835	Holdlamis
3	9/27/2018	12/19/2018	3C6TD5CT8CG486519	Ventosanzap
70	5/27/2019	4/22/2019	WA1WMAFE2AD197605	Quo Lux
3	5/25/2019	7/2/19	JA32U2FU2FU914995	Matsoft
83	9/2/18	2/20/2019	5YMGY0C53AL088144	Aerified
28	9/15/2018	1/18/2019	WBAPM73569A816055	Zontrax
21	10/27/2018	6/27/2019	JA4AD3A39FZ257532	Zontrax
12	2/9/19	3/9/19	JTEBU4BF0EK313689	Overhold
33	2/24/2019	3/29/2019	1G6KD579X9U840214	Lotlux
47	1/27/2019	5/4/19	WUADUAFGXBN687609	Otcom
18	6/8/19	12/30/2018	JTDKDTB35F1176857	Cardguard
74	6/26/2019	1/1/19	WAUDFAFLXBA382491	Stronghold
92	12/17/2018	11/2/18	WAUSH98E87A915587	Daltfresh
9	4/5/19	9/26/2018	WAUNE78P48A399631	Veribet
88	1/3/19	5/23/2019	JHMZF1C68CS295304	Span
52	7/16/2019	7/9/19	JN1AY1AP8DM987446	Job
9	1/14/2019	11/1/18	3N1CN7AP0EL316661	Cardguard
24	7/20/2019	8/3/19	1G6DH5E59D0657769	Otcom
16	12/30/2018	3/18/2019	19UUA75557A459459	Fintone
39	12/8/18	11/5/18	1FA6P0G73E5513543	Latlux
93	12/24/2018	6/17/2019	WBAKF3C5XBE992361	Stronghold
100	10/23/2018	6/18/2019	JH4CU2E84CC538147	Keylex
2	6/6/19	8/4/19	WAUCFAFH6CN555571	Duobam
98	9/25/2018	12/17/2018	SCFHDDAT0EG615638	Bitchip
59	12/23/2018	4/9/19	5FRYD4H42GB416213	Tempsoft
40	12/14/2018	5/16/2019	1N6AA0CA9BN301357	Sonsing
22	5/2/19	8/27/2018	1GYS3HEF4ER982351	Y-Solowarm
76	5/16/2019	12/2/18	KMHTC6AD7DU426514	Stringtough
17	1/2/19	5/3/19	KMHDB8AEXAU294730	Zontrax
5	8/14/2019	7/4/19	SCFFDCBD5CG573635	Asoka
37	1/9/19	6/2/19	WBS3U9C53FP186493	Fintone
58	7/13/2019	4/14/2019	3GYFNCE30CS470763	Aerified
85	9/4/18	4/21/2019	5J8TB18568A158587	Home Ing
9	3/19/2019	8/3/19	WBAAV53401J473102	Matsoft
35	1/7/19	7/15/2019	WBAEK13507C437483	Cardguard
47	6/25/2019	4/23/2019	3VW467AT8DM916880	Viva
8	7/14/2019	7/29/2019	W04GT5GC2B1957255	Solarbreeze
5	8/10/19	6/12/19	JH4DC23911S954727	Opela
94	1/28/2019	1/14/2019	JN8AS5MT3DW636399	Temp
38	7/30/2019	7/12/19	KMHTC6AD7DU579930	Quo Lux
7	7/25/2019	7/24/2019	WDDGF4HB4EA858363	Toughjoyfax
34	3/3/19	8/14/2019	WBABS33421J946421	Wrapsafe
83	6/16/2019	10/15/2018	1G6KD57Y99U221675	Alpha
11	3/19/2019	1/12/19	ZFBCFAAH8EZ120897	Vagram
82	7/5/19	10/17/2018	WAUAC48H26K960895	Toughjoyfax
26	9/25/2018	1/1/19	1G6KD57Y09U970316	Aerified
100	3/5/19	8/12/19	3GYFK66N44G577071	Toughjoyfax
74	2/18/2019	7/17/2019	KNAFT4A28D5038767	Regrant
45	1/2/19	8/7/19	1N6AA0CA1CN227210	Redhold
10	1/30/2019	4/24/2019	5N1BA0ND7FN929711	Zathin
87	6/15/2019	12/29/2018	5NPDH4AE4BH491075	Solarbreeze
62	12/25/2018	2/5/19	1C6RD7HT2CS281530	Sonsing
15	1/26/2019	4/22/2019	1FTMF1E84AF897291	Otcom
30	1/8/19	6/24/2019	5UXZW0C59D0489967	Bigtax
18	11/7/18	8/13/2019	1G6AL1R35F0884849	Pannier
82	9/22/2018	3/19/2019	WBAUP9C50AV580182	Redhold
38	1/26/2019	2/10/19	YV1902FH4B2030779	Quo Lux
12	9/30/2018	4/25/2019	1C3CC4FB3AN329157	Zontrax
99	1/17/2019	9/23/2018	SALSF2D43CA599788	Flowdesk
86	11/10/18	6/13/2019	1G6DA67V180295028	Matsoft
46	8/6/19	7/12/19	WAUYGAFC9DN778647	Rank
5	11/24/2018	1/24/2019	3D73Y4HL9BG208054	Zontrax
27	7/13/2019	1/30/2019	1GYS4KEF8CR275163	Span
95	3/5/19	9/13/2018	1N4AA5AP3DC528068	Latlux
12	12/20/2018	6/29/2019	WBABN53411J009207	Gembucket
12	4/28/2019	1/5/19	1FAHP3EN7AW844044	Quo Lux
56	10/14/2018	1/4/19	1G6AX5S30E0125305	Ventosanzap
37	1/14/2019	11/2/18	WBAEH13416C012987	Daltfresh
30	3/1/19	5/20/2019	3C3CFFAR7FT531014	Quo Lux
10	8/14/2019	10/27/2018	1G6AE5S36E0978331	Konklux
4	4/20/2019	2/24/2019	JA32X2HUXEU166662	Holdlamis
82	3/15/2019	12/31/2018	SCFAB01A07G093174	Wrapsafe
84	2/20/2019	8/21/2018	1NXBU4EE7AZ950130	Otcom
26	6/12/19	6/24/2019	5UXWX7C54DL782392	Prodder
43	7/23/2019	9/28/2018	WAUKF78E88A068694	Hatity
97	5/23/2019	12/11/18	WAUAFAFH1BN959769	Cardguard
17	9/10/18	11/6/18	WAUXL68E94A072644	Flexidy
75	11/16/2018	12/18/2018	1C4SDHCT9CC726427	Zontrax
50	4/30/2019	11/8/18	KNALN4D73E5717612	Opela
87	1/16/2019	1/8/19	WAUVVAFR6CA377625	Job
8	5/25/2019	6/27/2019	4T1BF1FK1EU529183	Bigtax
98	10/27/2018	4/2/19	WVGAV3AX2EW562601	Sonair
66	11/30/2018	1/14/2019	JN8AF5MR0ET590350	Job
17	8/18/2019	3/28/2019	SCFBB04B68G732068	Vagram
20	10/10/18	12/28/2018	WAUDT74F85N994257	Matsoft
14	9/20/2018	8/29/2018	1GD12XEG2FF337672	Gembucket
73	9/23/2018	5/21/2019	4T1BK1EB9EU194168	Transcof
34	11/6/18	11/9/18	JH4DC54896S318541	Lotlux
4	4/21/2019	9/27/2018	JM3TB2MA0A0634570	It
13	11/28/2018	12/10/18	WAUKG98E66A919638	Treeflex
95	12/24/2018	10/4/18	1G6DN57U660079632	Subin
56	2/18/2019	9/28/2018	2G4WB55K611568086	Job
64	12/6/18	1/26/2019	WBAPM77599N892324	Otcom
3	9/30/2018	5/2/19	WAUNF78P36A395208	Y-find
65	4/6/19	1/22/2019	WAULC58E15A945636	Transcof
29	8/5/19	12/7/18	1N6AD0CU1DN803722	Zontrax
19	8/14/2019	7/27/2019	WAUKF78E06A442812	Y-Solowarm
59	3/27/2019	5/23/2019	3D73Y3CL5AG217270	Zaam-Dox
30	8/20/2018	9/27/2018	5GAKVBED3CJ609035	Voltsillam
70	2/20/2019	2/1/19	JTDBT4K30A1148322	Zontrax
62	11/19/2018	1/25/2019	SCFEBBAC9AG516629	Solarbreeze
80	7/6/19	1/18/2019	5FRYD4H20FB078226	Ventosanzap
92	1/11/19	10/2/18	2LNBL8CVXAX662124	Ventosanzap
60	11/3/18	10/24/2018	JH4DB75581S530391	Viva
52	10/31/2018	2/28/2019	1G4GG5E34CF763792	Biodex
89	8/30/2018	2/26/2019	5YMKW8C50F0424517	Zathin
43	9/23/2018	1/12/19	3C4PDDAG1FT547991	Voltsillam
16	12/25/2018	11/7/18	SCBZK25E12C859779	Fintone
36	1/21/2019	6/10/19	JA32U2FU0DU982502	Fintone
94	1/23/2019	9/22/2018	2T2BK1BA4FC100305	Zaam-Dox
53	10/11/18	4/8/19	1B3CB3HA7BD945496	Cardguard
10	12/23/2018	6/28/2019	WBAKB0C5XBC731804	Subin
36	10/26/2018	5/26/2019	2FMDK3KC1AB137784	Voltsillam
57	9/13/2018	7/11/19	1VWAH7A35DC575811	Span
79	6/21/2019	12/15/2018	JTHBB1BA8C2932064	Subin
23	7/19/2019	7/17/2019	5N1AA0ND2FN280833	Subin
21	3/13/2019	6/15/2019	1G6DV5EP8C0239051	Daltfresh
56	3/27/2019	5/28/2019	WVWED7AJ4BW728043	Tampflex
63	8/4/19	3/30/2019	2HNYD18283H967582	Ronstring
22	10/26/2018	10/27/2018	1G6AB5RA6F0459665	Prodder
40	2/11/19	3/10/19	WAUNF98P97A072021	Voyatouch
10	6/5/19	1/23/2019	JTDKN3DU6F0808676	Wrapsafe
64	1/4/19	10/5/18	WP0AA2A92AS276552	Zaam-Dox
99	2/27/2019	11/23/2018	WAUKFBFLXBN321194	Zaam-Dox
60	5/10/19	12/23/2018	2T1KE4EE1AC764324	Sonsing
78	9/7/18	10/19/2018	WBSDE93472C273288	Zamit
80	7/2/19	6/12/19	3N1AB7AP3FY528460	Alpha
65	11/8/18	6/23/2019	1C3CDFEB6FD549481	Wrapsafe
31	7/7/19	4/15/2019	5TDDW5G14FS837870	Flowdesk
85	9/16/2018	2/11/19	WAUTFAFH6AN432589	Alpha
55	3/9/19	11/25/2018	1N4AB7AP5DN870750	Viva
59	5/24/2019	6/5/19	1GKS1GKC4FR233524	Tampflex
64	8/8/19	10/15/2018	3GYEK62N76G062800	Bitchip
40	10/23/2018	11/24/2018	5GAKRBKD5EJ740219	Wrapsafe
30	9/20/2018	3/31/2019	SCFEBBCF9BG730058	Aerified
59	10/2/18	5/22/2019	SCBCU8ZAXAC271551	Asoka
84	8/31/2018	11/30/2018	2G4GY5GVXB9782687	Job
91	1/6/19	7/13/2019	5FRYD3H44FB752258	Bitwolf
28	11/10/18	10/25/2018	1YVHZ8BH3C5766185	Keylex
91	4/25/2019	5/4/19	WBAYF4C55FD989475	Job
11	11/10/18	10/25/2018	5NPDH4AE3EH416906	Matsoft
68	2/11/19	10/15/2018	WAUHFAFL3EA743923	Solarbreeze
42	5/8/19	12/3/18	WBAKA8C50AC473776	Transcof
46	2/26/2019	11/26/2018	WBAEA5C50AC095731	Flexidy
50	8/8/19	6/8/19	JN1BY0AR1AM825248	Tin
57	8/17/2019	2/6/19	WA1BV94L18D123937	Otcom
38	8/25/2018	2/9/19	1GYS3RKJ2FR440939	Gembucket
77	9/4/18	5/24/2019	1GYS4RKJ8FR658493	Zamit
18	1/15/2019	8/17/2019	JH4CL96898C973571	Prodder
51	12/21/2018	2/23/2019	WBXPC93447W771290	Fix San
75	7/21/2019	9/3/18	WBA3B5C54FF718052	Stim
37	8/5/19	5/19/2019	WAUCFAFH7DN682802	Fix San
36	9/11/18	5/9/19	3VWML7AJ9EM673654	Sonsing
46	9/30/2018	6/20/2019	WBAVA33507F287050	Stim
42	2/7/19	4/16/2019	5BZBF0AA8FN233215	Span
26	6/21/2019	12/3/18	1GYS4UKJXFR158645	Wrapsafe
57	12/3/18	11/29/2018	1G6YX36D995780139	Bitwolf
27	10/13/2018	10/9/18	YV4952BZ8E1266672	Matsoft
37	9/6/18	5/19/2019	1G6DP8E32C0647263	Job
100	9/22/2018	10/18/2018	WAUSH94F18N167998	Namfix
89	11/16/2018	11/10/18	WAUAH94F26N785517	Fintone
22	11/30/2018	1/16/2019	1C4RDHEG9EC800950	Ronstring
85	9/23/2018	9/4/18	WAUJT68E53A884267	Treeflex
27	4/20/2019	2/6/19	JN1CV6EK8FM454271	Pannier
84	4/28/2019	6/30/2019	WAUJFAFH2AN600574	Asoka
68	5/7/19	5/1/19	JTEBU4BF2DK934723	Daltfresh
19	3/2/19	11/11/18	3C4PDCBB6ET000890	Fintone
50	4/6/19	7/16/2019	KNDMG4C35A6477290	Zoolab
6	5/20/2019	3/6/19	JTEBU5JR0C5952619	Flexidy
75	10/19/2018	1/13/2019	3VWC17AU4FM821612	Flexidy
8	5/3/19	8/13/2019	1B3CB1HA3AD698125	Alphazap
43	11/13/2018	12/26/2018	3N1AB7AP0FL051662	Treeflex
29	8/27/2018	10/22/2018	1C3BC2FB4BN820287	Sub-Ex
55	1/29/2019	12/9/18	KNADH4A33B6378269	Job
5	7/18/2019	10/9/18	1FTFW1E89AF048704	Y-find
84	12/19/2018	1/19/2019	JH4DC53085S725017	Trippledex
75	1/17/2019	4/4/19	JN1AZ4FH9FM150224	Redhold
1	6/25/2019	8/8/19	5J8TB3H57EL214628	Cookley
49	3/30/2019	3/30/2019	1FMJK1JT6FE999144	Y-find
74	12/25/2018	8/17/2019	WBAPK73569A574003	Tresom
31	11/1/18	5/20/2019	2B3CK5CT5AH601591	Alphazap
67	1/8/19	5/31/2019	5UXKR0C5XF0273184	Hatity
62	3/20/2019	3/7/19	5N1AR1NB5AC221406	Span
39	5/3/19	10/8/18	1FTEW1CF0FF175670	Matsoft
71	9/21/2018	4/10/19	KNAGM4A72B5045689	Span
24	8/27/2018	10/29/2018	JH4CU25629C085234	Namfix
34	7/16/2019	5/28/2019	1FTEW1CW7AK490515	Flowdesk
49	4/28/2019	7/16/2019	JTHFE2C29E2154141	Sub-Ex
65	2/24/2019	1/9/19	3D73M4CL7BG442793	Tempsoft
33	9/20/2018	4/24/2019	JH4DB76661S505030	Cardify
53	4/6/19	9/5/18	2C3CCAEG2FH263440	Temp
71	2/2/19	12/7/18	5TDDK4CC4AS295448	Konklux
85	5/29/2019	5/8/19	WUARL48H98K816000	Prodder
6	7/21/2019	5/22/2019	WBAFB334X1L595604	Overhold
35	10/22/2018	8/23/2018	WAULC58E73A053730	Konklab
86	7/10/19	4/3/19	1G4HA5EM5BU888602	Lotlux
14	5/5/19	3/23/2019	5FRYD4H2XGB604203	Bitwolf
4	9/29/2018	1/28/2019	JN1AZ4FHXFM923508	Rank
75	4/19/2019	3/29/2019	TRURD38J191835452	Holdlamis
67	12/7/18	4/14/2019	2G4GU5EV0C9092401	Lotstring
11	5/17/2019	9/4/18	SCBBR9ZA4AC816257	Sonair
86	1/24/2019	6/15/2019	1N6AF0KY1FN679338	Latlux
50	4/30/2019	12/7/18	WAUYP64B61N530245	Bigtax
13	8/20/2018	5/19/2019	1G6KA5EY2AU257658	Bamity
6	7/17/2019	6/28/2019	YV4902BZ8D1895331	Fintone
72	1/10/19	10/20/2018	JHMZF1C6XES784046	Alphazap
19	11/25/2018	3/19/2019	1G4HP57296U363753	Stringtough
40	7/5/19	8/8/19	WVWAA7AH4BV612187	Bigtax
23	4/14/2019	6/26/2019	JTEBU5JR2C5409241	Zamit
39	10/3/18	3/19/2019	5UXFA93546L988635	Andalax
9	9/21/2018	7/15/2019	WBAGL83575D489831	Bitwolf
80	12/25/2018	4/23/2019	WBA8Z5C50FD305462	Daltfresh
71	12/12/18	5/18/2019	WAUWFAFRXBA471782	Vagram
40	3/23/2019	1/2/19	WA1BV94L27D771933	Bigtax
72	5/28/2019	12/5/18	5GAKRAKD2EJ866855	Temp